model,accuracy,precision,recall,f1,roc_auc
Logistic Regression,0.74,0.5510204081632653,0.3253012048192771,0.4090909090909091,0.7296652045971906
Random Forest,0.6933333333333334,0.45871559633027525,0.6024096385542169,0.5208333333333334,0.7400755094109155
